Entity,Code,Year,Share of adults who smoke or use tobacco (age-standardized)
Afghanistan,AFG,2000,39.2
Afghanistan,AFG,2005,34.2
Afghanistan,AFG,2007,32.5
Afghanistan,AFG,2010,30.2
Afghanistan,AFG,2015,26.6
Afghanistan,AFG,2020,23.7
Afghanistan,AFG,2021,23.2
Afghanistan,AFG,2022,22.7
Africa,,2000,18.858574
Africa,,2005,16.488525
Africa,,2007,15.693813
Africa,,2010,14.600124
Africa,,2015,13.099403
Africa,,2020,11.882005
Africa,,2021,11.672057
Africa,,2022,11.470823
Albania,ALB,2000,35.4
Albania,ALB,2005,31.6
Albania,ALB,2007,30.2
Albania,ALB,2010,28.3
Albania,ALB,2015,25.4
Albania,ALB,2020,22.9
Albania,ALB,2021,22.4
Albania,ALB,2022,21.9
Algeria,DZA,2000,22.9
Algeria,DZA,2005,22.3
Algeria,DZA,2007,22.2
Algeria,DZA,2010,21.7
Algeria,DZA,2015,21.3
Algeria,DZA,2020,21.2
Algeria,DZA,2021,21.2
Algeria,DZA,2022,21.2
Andorra,AND,2000,36
Andorra,AND,2005,35.8
Andorra,AND,2007,35.7
Andorra,AND,2010,35.7
Andorra,AND,2015,35.8
Andorra,AND,2020,36
Andorra,AND,2021,36.1
Andorra,AND,2022,36.3
Argentina,ARG,2000,34.3
Argentina,ARG,2005,31.5
Argentina,ARG,2007,30.5
Argentina,ARG,2010,29
Argentina,ARG,2015,26.6
Argentina,ARG,2020,24.6
Argentina,ARG,2021,24.2
Argentina,ARG,2022,23.8
Armenia,ARM,2000,32.6
Armenia,ARM,2005,30.8
Armenia,ARM,2007,30
Armenia,ARM,2010,28.8
Armenia,ARM,2015,27.2
Armenia,ARM,2020,25.8
Armenia,ARM,2021,25.3
Armenia,ARM,2022,24.9
Asia,,2000,38.108116
Asia,,2005,34.12527
Asia,,2007,32.621563
Asia,,2010,30.589636
Asia,,2015,27.618008
Asia,,2020,25.130436
Asia,,2021,24.630396
Asia,,2022,24.236012
Australia,AUS,2000,24.5
Australia,AUS,2005,21.2
Australia,AUS,2007,20
Australia,AUS,2010,18.4
Australia,AUS,2015,15.9
Australia,AUS,2020,13.7
Australia,AUS,2021,13.4
Australia,AUS,2022,13.1
Austria,AUT,2000,52.5
Austria,AUT,2005,44.4
Austria,AUT,2007,41.3
Austria,AUT,2010,37.2
Austria,AUT,2015,31.5
Austria,AUT,2020,26.6
Austria,AUT,2021,25.7
Austria,AUT,2022,24.9
Azerbaijan,AZE,2000,28.8
Azerbaijan,AZE,2005,26.1
Azerbaijan,AZE,2007,25.2
Azerbaijan,AZE,2010,24
Azerbaijan,AZE,2015,22
Azerbaijan,AZE,2020,20.2
Azerbaijan,AZE,2021,19.9
Azerbaijan,AZE,2022,19.6
Bahamas,BHS,2000,12.1
Bahamas,BHS,2005,11.7
Bahamas,BHS,2007,11.6
Bahamas,BHS,2010,11.5
Bahamas,BHS,2015,11.4
Bahamas,BHS,2020,11.3
Bahamas,BHS,2021,11.3
Bahamas,BHS,2022,11.3
Bahrain,BHR,2000,22
Bahrain,BHR,2005,20
Bahrain,BHR,2007,19.4
Bahrain,BHR,2010,18.3
Bahrain,BHR,2015,16.8
Bahrain,BHR,2020,15.4
Bahrain,BHR,2021,15.2
Bahrain,BHR,2022,15
Bangladesh,BGD,2000,58.1
Bangladesh,BGD,2005,50.7
Bangladesh,BGD,2007,48
Bangladesh,BGD,2010,44.2
Bangladesh,BGD,2015,38.9
Bangladesh,BGD,2020,34.4
Bangladesh,BGD,2021,33.8
Bangladesh,BGD,2022,32.9
Barbados,BRB,2000,9.5
Barbados,BRB,2005,8.8
Barbados,BRB,2007,8.5
Barbados,BRB,2010,8.1
Barbados,BRB,2015,7.6
Barbados,BRB,2020,7.1
Barbados,BRB,2021,7
Barbados,BRB,2022,7
Belarus,BLR,2000,42.8
Belarus,BLR,2005,39.5
Belarus,BLR,2007,38.2
Belarus,BLR,2010,36.4
Belarus,BLR,2015,33.4
Belarus,BLR,2020,31.1
Belarus,BLR,2021,30.6
Belarus,BLR,2022,30.1
Belgium,BEL,2000,30.9
Belgium,BEL,2005,29.9
Belgium,BEL,2007,29.4
Belgium,BEL,2010,29
Belgium,BEL,2015,28
Belgium,BEL,2020,27.2
Belgium,BEL,2021,27
Belgium,BEL,2022,26.7
Belize,BLZ,2000,13.7
Belize,BLZ,2005,12.3
Belize,BLZ,2007,11.8
Belize,BLZ,2010,11
Belize,BLZ,2015,10
Belize,BLZ,2020,9.1
Belize,BLZ,2021,8.9
Belize,BLZ,2022,8.8
Benin,BEN,2000,17.6
Benin,BEN,2005,13.8
Benin,BEN,2007,12.6
Benin,BEN,2010,10.9
Benin,BEN,2015,8.6
Benin,BEN,2020,6.9
Benin,BEN,2021,6.6
Benin,BEN,2022,6.3
Bhutan,BTN,2000,32.9
Bhutan,BTN,2005,28.4
Bhutan,BTN,2007,26.9
Bhutan,BTN,2010,24.9
Bhutan,BTN,2015,21.9
Bhutan,BTN,2020,19.6
Bhutan,BTN,2021,19.1
Bhutan,BTN,2022,18.7
Bolivia,BOL,2000,35.1
Bolivia,BOL,2005,26.6
Bolivia,BOL,2007,23.9
Bolivia,BOL,2010,20.7
Bolivia,BOL,2015,16.4
Bolivia,BOL,2020,13.4
Bolivia,BOL,2021,12.8
Bolivia,BOL,2022,12.4
Bosnia and Herzegovina,BIH,2000,47
Bosnia and Herzegovina,BIH,2005,43.7
Bosnia and Herzegovina,BIH,2007,42.7
Bosnia and Herzegovina,BIH,2010,41.1
Bosnia and Herzegovina,BIH,2015,38.8
Bosnia and Herzegovina,BIH,2020,36.8
Bosnia and Herzegovina,BIH,2021,36.4
Bosnia and Herzegovina,BIH,2022,36.2
Botswana,BWA,2000,35.1
Botswana,BWA,2005,29.4
Botswana,BWA,2007,27.7
Botswana,BWA,2010,25.4
Botswana,BWA,2015,22.1
Botswana,BWA,2020,19.6
Botswana,BWA,2021,19.1
Botswana,BWA,2022,18.7
Brazil,BRA,2000,23.8
Brazil,BRA,2005,20.3
Brazil,BRA,2007,19
Brazil,BRA,2010,17.4
Brazil,BRA,2015,14.9
Brazil,BRA,2020,12.9
Brazil,BRA,2021,12.5
Brazil,BRA,2022,12.2
Brunei,BRN,2000,17.2
Brunei,BRN,2005,16.8
Brunei,BRN,2007,16.7
Brunei,BRN,2010,16.5
Brunei,BRN,2015,16.4
Brunei,BRN,2020,16.4
Brunei,BRN,2021,16.4
Brunei,BRN,2022,16.4
Bulgaria,BGR,2000,47.4
Bulgaria,BGR,2005,44.9
Bulgaria,BGR,2007,44.2
Bulgaria,BGR,2010,43
Bulgaria,BGR,2015,41.4
Bulgaria,BGR,2020,40
Bulgaria,BGR,2021,39.8
Bulgaria,BGR,2022,39.5
Burkina Faso,BFA,2000,30.7
Burkina Faso,BFA,2005,25.2
Burkina Faso,BFA,2007,23.4
Burkina Faso,BFA,2010,20.9
Burkina Faso,BFA,2015,17.6
Burkina Faso,BFA,2020,15.1
Burkina Faso,BFA,2021,14.7
Burkina Faso,BFA,2022,14.3
Burundi,BDI,2000,26.3
Burundi,BDI,2005,21.1
Burundi,BDI,2007,19.5
Burundi,BDI,2010,17.3
Burundi,BDI,2015,14.3
Burundi,BDI,2020,12
Burundi,BDI,2021,11.6
Burundi,BDI,2022,11.2
Cambodia,KHM,2000,42
Cambodia,KHM,2005,34.4
Cambodia,KHM,2007,31.5
Cambodia,KHM,2010,28
Cambodia,KHM,2015,22.7
Cambodia,KHM,2020,18.6
Cambodia,KHM,2021,18
Cambodia,KHM,2022,17.2
Cameroon,CMR,2000,15.9
Cameroon,CMR,2005,12.8
Cameroon,CMR,2007,11.7
Cameroon,CMR,2010,10.4
Cameroon,CMR,2015,8.5
Cameroon,CMR,2020,7
Cameroon,CMR,2021,6.7
Cameroon,CMR,2022,6.5
Canada,CAN,2000,28.7
Canada,CAN,2005,23.5
Canada,CAN,2007,21.6
Canada,CAN,2010,19.3
Canada,CAN,2015,15.8
Canada,CAN,2020,13
Canada,CAN,2021,12.5
Canada,CAN,2022,12
Cape Verde,CPV,2000,20.1
Cape Verde,CPV,2005,17.4
Cape Verde,CPV,2007,16.3
Cape Verde,CPV,2010,15.1
Cape Verde,CPV,2015,13.2
Cape Verde,CPV,2020,11.6
Cape Verde,CPV,2021,11.2
Cape Verde,CPV,2022,11
Chad,TCD,2000,10.9
Chad,TCD,2005,9.9
Chad,TCD,2007,9.5
Chad,TCD,2010,9
Chad,TCD,2015,8.3
Chad,TCD,2020,7.7
Chad,TCD,2021,7.5
Chad,TCD,2022,7.4
Chile,CHL,2000,46.9
Chile,CHL,2005,41.9
Chile,CHL,2007,40.1
Chile,CHL,2010,37.5
Chile,CHL,2015,33.6
Chile,CHL,2020,30.1
Chile,CHL,2021,29.5
Chile,CHL,2022,28.7
China,CHN,2000,27
China,CHN,2005,26
China,CHN,2007,25.6
China,CHN,2010,25.2
China,CHN,2015,24.4
China,CHN,2020,23.7
China,CHN,2021,23.4
China,CHN,2022,23.4
Colombia,COL,2000,15.7
Colombia,COL,2005,13.4
Colombia,COL,2007,12.6
Colombia,COL,2010,11.5
Colombia,COL,2015,9.9
Colombia,COL,2020,8.6
Colombia,COL,2021,8.4
Colombia,COL,2022,8.2
Comoros,COM,2000,50.2
Comoros,COM,2005,37
Comoros,COM,2007,33.2
Comoros,COM,2010,28.3
Comoros,COM,2015,22.5
Comoros,COM,2020,18.5
Comoros,COM,2021,17.8
Comoros,COM,2022,17.2
Congo,COG,2000,12.3
Congo,COG,2005,12.6
Congo,COG,2007,12.7
Congo,COG,2010,13
Congo,COG,2015,13.8
Congo,COG,2020,14.9
Congo,COG,2021,15.2
Congo,COG,2022,15.4
Cook Islands,COK,2000,38.9
Cook Islands,COK,2005,35.8
Cook Islands,COK,2007,34.6
Cook Islands,COK,2010,32.9
Cook Islands,COK,2015,30.5
Cook Islands,COK,2020,27.9
Cook Islands,COK,2021,27.4
Cook Islands,COK,2022,27
Costa Rica,CRI,2000,17.3
Costa Rica,CRI,2005,14.9
Costa Rica,CRI,2007,14
Costa Rica,CRI,2010,12.7
Costa Rica,CRI,2015,10.9
Costa Rica,CRI,2020,9.4
Costa Rica,CRI,2021,9.1
Costa Rica,CRI,2022,8.9
Cote d'Ivoire,CIV,2000,20.7
Cote d'Ivoire,CIV,2005,16.7
Cote d'Ivoire,CIV,2007,15.4
Cote d'Ivoire,CIV,2010,13.7
Cote d'Ivoire,CIV,2015,11.4
Cote d'Ivoire,CIV,2020,9.4
Cote d'Ivoire,CIV,2021,9.1
Cote d'Ivoire,CIV,2022,8.8
Croatia,HRV,2000,34.8
Croatia,HRV,2005,35.1
Croatia,HRV,2007,35.3
Croatia,HRV,2010,35.5
Croatia,HRV,2015,36.1
Croatia,HRV,2020,36.7
Croatia,HRV,2021,36.8
Croatia,HRV,2022,37
Cuba,CUB,2000,39.6
Cuba,CUB,2005,32.6
Cuba,CUB,2007,30.3
Cuba,CUB,2010,27.1
Cuba,CUB,2015,22.5
Cuba,CUB,2020,18.7
Cuba,CUB,2021,18.1
Cuba,CUB,2022,17.4
Cyprus,CYP,2000,42.4
Cyprus,CYP,2005,40.3
Cyprus,CYP,2007,39.7
Cyprus,CYP,2010,38.6
Cyprus,CYP,2015,37.1
Cyprus,CYP,2020,35.9
Cyprus,CYP,2021,35.8
Cyprus,CYP,2022,35.6
Czechia,CZE,2000,34.9
Czechia,CZE,2005,33.7
Czechia,CZE,2007,33.3
Czechia,CZE,2010,32.5
Czechia,CZE,2015,31.4
Czechia,CZE,2020,30.4
Czechia,CZE,2021,30.3
Czechia,CZE,2022,29.9
Democratic Republic of Congo,COD,2000,22.2
Democratic Republic of Congo,COD,2005,19
Democratic Republic of Congo,COD,2007,17.8
Democratic Republic of Congo,COD,2010,16.4
Democratic Republic of Congo,COD,2015,14.3
Democratic Republic of Congo,COD,2020,12.7
Democratic Republic of Congo,COD,2021,12.4
Democratic Republic of Congo,COD,2022,12.2
Denmark,DNK,2000,37.8
Denmark,DNK,2005,31.2
Denmark,DNK,2007,28.9
Denmark,DNK,2010,25.7
Denmark,DNK,2015,21.2
Denmark,DNK,2020,17.5
Denmark,DNK,2021,16.8
Denmark,DNK,2022,16.2
Dominican Republic,DOM,2000,18.8
Dominican Republic,DOM,2005,16.4
Dominican Republic,DOM,2007,15.5
Dominican Republic,DOM,2010,14.3
Dominican Republic,DOM,2015,12.5
Dominican Republic,DOM,2020,11
Dominican Republic,DOM,2021,10.7
Dominican Republic,DOM,2022,10.5
East Timor,TLS,2000,52.8
East Timor,TLS,2005,49.6
East Timor,TLS,2007,48.2
East Timor,TLS,2010,46.2
East Timor,TLS,2015,43
East Timor,TLS,2020,39.9
East Timor,TLS,2021,39.3
East Timor,TLS,2022,38.7
Ecuador,ECU,2000,14.5
Ecuador,ECU,2005,13.3
Ecuador,ECU,2007,12.8
Ecuador,ECU,2010,12.2
Ecuador,ECU,2015,11.3
Ecuador,ECU,2020,10.5
Ecuador,ECU,2021,10.3
Ecuador,ECU,2022,10.2
Egypt,EGY,2000,19.4
Egypt,EGY,2005,20.5
Egypt,EGY,2007,21
Egypt,EGY,2010,21.6
Egypt,EGY,2015,22.8
Egypt,EGY,2020,24.2
Egypt,EGY,2021,24.5
Egypt,EGY,2022,24.7
El Salvador,SLV,2000,15.5
El Salvador,SLV,2005,13.6
El Salvador,SLV,2007,12.9
El Salvador,SLV,2010,11.9
El Salvador,SLV,2015,10.5
El Salvador,SLV,2020,9.3
El Salvador,SLV,2021,9.1
El Salvador,SLV,2022,8.9
Estonia,EST,2000,47.6
Estonia,EST,2005,42.1
Estonia,EST,2007,40.3
Estonia,EST,2010,37.3
Estonia,EST,2015,33.3
Estonia,EST,2020,29.6
Estonia,EST,2021,28.9
Estonia,EST,2022,28.3
Eswatini,SWZ,2000,12.6
Eswatini,SWZ,2005,11.5
Eswatini,SWZ,2007,11.2
Eswatini,SWZ,2010,10.8
Eswatini,SWZ,2015,10.2
Eswatini,SWZ,2020,9.7
Eswatini,SWZ,2021,9.6
Eswatini,SWZ,2022,9.5
Ethiopia,ETH,2000,6.3
Ethiopia,ETH,2005,6
Ethiopia,ETH,2007,5.9
Ethiopia,ETH,2010,5.8
Ethiopia,ETH,2015,5.5
Ethiopia,ETH,2020,5.3
Ethiopia,ETH,2021,5.3
Ethiopia,ETH,2022,5.2
Europe,,2000,35.55578
Europe,,2005,32.797085
Europe,,2007,31.843992
Europe,,2010,30.419937
Europe,,2015,28.306425
Europe,,2020,26.523903
Europe,,2021,26.175999
Europe,,2022,25.85773
Fiji,FJI,2000,33.2
Fiji,FJI,2005,31.8
Fiji,FJI,2007,31.2
Fiji,FJI,2010,30.4
Fiji,FJI,2015,29.2
Fiji,FJI,2020,28
Fiji,FJI,2021,27.9
Fiji,FJI,2022,27.6
Finland,FIN,2000,38.7
Finland,FIN,2005,34.1
Finland,FIN,2007,32.5
Finland,FIN,2010,30.2
Finland,FIN,2015,26.5
Finland,FIN,2020,23.4
Finland,FIN,2021,22.8
Finland,FIN,2022,22.3
France,FRA,2000,34.7
France,FRA,2005,34.5
France,FRA,2007,34.5
France,FRA,2010,34.4
France,FRA,2015,34.5
France,FRA,2020,34.5
France,FRA,2021,34.5
France,FRA,2022,34.6
Gambia,GMB,2000,23.6
Gambia,GMB,2005,19.5
Gambia,GMB,2007,18
Gambia,GMB,2010,16
Gambia,GMB,2015,13.4
Gambia,GMB,2020,11.2
Gambia,GMB,2021,10.8
Gambia,GMB,2022,10.5
Georgia,GEO,2000,33.3
Georgia,GEO,2005,32.8
Georgia,GEO,2007,32.7
Georgia,GEO,2010,32.4
Georgia,GEO,2015,32
Georgia,GEO,2020,31.9
Georgia,GEO,2021,31.8
Georgia,GEO,2022,31.8
Germany,DEU,2000,36.2
Germany,DEU,2005,32.1
Germany,DEU,2007,30.6
Germany,DEU,2010,28.5
Germany,DEU,2015,25.1
Germany,DEU,2020,22.4
Germany,DEU,2021,21.7
Germany,DEU,2022,21.3
Ghana,GHA,2000,7.1
Ghana,GHA,2005,6
Ghana,GHA,2007,5.6
Ghana,GHA,2010,5.1
Ghana,GHA,2015,4.3
Ghana,GHA,2020,3.6
Ghana,GHA,2021,3.5
Ghana,GHA,2022,3.4
Greece,GRC,2000,55.8
Greece,GRC,2005,49.1
Greece,GRC,2007,46.7
Greece,GRC,2010,43.2
Greece,GRC,2015,38.4
Greece,GRC,2020,34.2
Greece,GRC,2021,33.3
Greece,GRC,2022,32.8
Guatemala,GTM,2000,14.1
Guatemala,GTM,2005,13.4
Guatemala,GTM,2007,13.2
Guatemala,GTM,2010,13
Guatemala,GTM,2015,12.5
Guatemala,GTM,2020,12.1
Guatemala,GTM,2021,12
Guatemala,GTM,2022,11.9
Guinea-Bissau,GNB,2000,21
Guinea-Bissau,GNB,2005,16.8
Guinea-Bissau,GNB,2007,15.3
Guinea-Bissau,GNB,2010,13.4
Guinea-Bissau,GNB,2015,10.9
Guinea-Bissau,GNB,2020,8.9
Guinea-Bissau,GNB,2021,8.6
Guinea-Bissau,GNB,2022,8.2
Guyana,GUY,2000,31.3
Guyana,GUY,2005,24.6
Guyana,GUY,2007,22.4
Guyana,GUY,2010,19.4
Guyana,GUY,2015,15.3
Guyana,GUY,2020,12.2
Guyana,GUY,2021,11.7
Guyana,GUY,2022,11.1
Haiti,HTI,2000,11.4
Haiti,HTI,2005,10.4
Haiti,HTI,2007,10.1
Haiti,HTI,2010,9.6
Haiti,HTI,2015,8.9
Haiti,HTI,2020,8.3
Haiti,HTI,2021,8.2
Haiti,HTI,2022,8.1
High-income countries,,2000,33.418545
High-income countries,,2005,30.486822
High-income countries,,2007,29.46983
High-income countries,,2010,27.947836
High-income countries,,2015,25.699074
High-income countries,,2020,23.877121
High-income countries,,2021,23.532843
High-income countries,,2022,23.174751
Honduras,HND,2000,17.2
Honduras,HND,2005,15.8
Honduras,HND,2007,15.3
Honduras,HND,2010,14.6
Honduras,HND,2015,13.5
Honduras,HND,2020,12.7
Honduras,HND,2021,12.5
Honduras,HND,2022,12.3
Hungary,HUN,2000,37.5
Hungary,HUN,2005,36.1
Hungary,HUN,2007,35.6
Hungary,HUN,2010,34.9
Hungary,HUN,2015,33.8
Hungary,HUN,2020,32.6
Hungary,HUN,2021,32.4
Hungary,HUN,2022,32.2
Iceland,ISL,2000,32.2
Iceland,ISL,2005,24.2
Iceland,ISL,2007,21.7
Iceland,ISL,2010,18.3
Iceland,ISL,2015,13.8
Iceland,ISL,2020,10.5
Iceland,ISL,2021,9.9
Iceland,ISL,2022,9.4
India,IND,2000,55.8
India,IND,2005,46.6
India,IND,2007,43.1
India,IND,2010,38.3
India,IND,2015,31.5
India,IND,2020,26.1
India,IND,2021,25.2
India,IND,2022,24.3
Indonesia,IDN,2000,35.2
Indonesia,IDN,2005,35.5
Indonesia,IDN,2007,35.8
Indonesia,IDN,2010,36.2
Indonesia,IDN,2015,37.1
Indonesia,IDN,2020,37.8
Indonesia,IDN,2021,37.9
Indonesia,IDN,2022,38.2
Iran,IRN,2000,22
Iran,IRN,2005,19.5
Iran,IRN,2007,18.6
Iran,IRN,2010,17.3
Iran,IRN,2015,15.5
Iran,IRN,2020,13.9
Iran,IRN,2021,13.6
Iran,IRN,2022,13.3
Iraq,IRQ,2000,22.3
Iraq,IRQ,2005,20.9
Iraq,IRQ,2007,20.6
Iraq,IRQ,2010,20.1
Iraq,IRQ,2015,19.5
Iraq,IRQ,2020,19.2
Iraq,IRQ,2021,19.3
Iraq,IRQ,2022,19.2
Ireland,IRL,2000,35.7
Ireland,IRL,2005,30.9
Ireland,IRL,2007,29.2
Ireland,IRL,2010,26.8
Ireland,IRL,2015,23.4
Ireland,IRL,2020,20.4
Ireland,IRL,2021,19.8
Ireland,IRL,2022,19.3
Israel,ISR,2000,31.2
Israel,ISR,2005,28.2
Israel,ISR,2007,27.1
Israel,ISR,2010,25.7
Israel,ISR,2015,23.2
Israel,ISR,2020,21.2
Israel,ISR,2021,20.7
Israel,ISR,2022,20.4
Italy,ITA,2000,26.1
Italy,ITA,2005,25.2
Italy,ITA,2007,24.8
Italy,ITA,2010,24.4
Italy,ITA,2015,23.5
Italy,ITA,2020,22.7
Italy,ITA,2021,22.6
Italy,ITA,2022,22.4
Jamaica,JAM,2000,17.1
Jamaica,JAM,2005,14.9
Jamaica,JAM,2007,14.1
Jamaica,JAM,2010,13
Jamaica,JAM,2015,11.5
Jamaica,JAM,2020,10.1
Jamaica,JAM,2021,9.9
Jamaica,JAM,2022,9.7
Japan,JPN,2000,33.6
Japan,JPN,2005,29.4
Japan,JPN,2007,27.9
Japan,JPN,2010,25.9
Japan,JPN,2015,22.8
Japan,JPN,2020,20.2
Japan,JPN,2021,19.6
Japan,JPN,2022,19.2
Jordan,JOR,2000,31.5
Jordan,JOR,2005,32.3
Jordan,JOR,2007,32.6
Jordan,JOR,2010,33.1
Jordan,JOR,2015,34.1
Jordan,JOR,2020,35.1
Jordan,JOR,2021,35.3
Jordan,JOR,2022,35.6
Kazakhstan,KAZ,2000,35.1
Kazakhstan,KAZ,2005,31.6
Kazakhstan,KAZ,2007,30.2
Kazakhstan,KAZ,2010,28.4
Kazakhstan,KAZ,2015,25.7
Kazakhstan,KAZ,2020,23.1
Kazakhstan,KAZ,2021,22.7
Kazakhstan,KAZ,2022,22.2
Kenya,KEN,2000,19.5
Kenya,KEN,2005,16.9
Kenya,KEN,2007,15.9
Kenya,KEN,2010,14.7
Kenya,KEN,2015,12.8
Kenya,KEN,2020,11.3
Kenya,KEN,2021,11
Kenya,KEN,2022,10.7
Kiribati,KIR,2000,68
Kiribati,KIR,2005,60.5
Kiribati,KIR,2007,57.4
Kiribati,KIR,2010,53.4
Kiribati,KIR,2015,47.1
Kiribati,KIR,2020,41.6
Kiribati,KIR,2021,40.7
Kiribati,KIR,2022,39.7
Kuwait,KWT,2000,21.1
Kuwait,KWT,2005,20.5
Kuwait,KWT,2007,20.3
Kuwait,KWT,2010,20.1
Kuwait,KWT,2015,19.9
Kuwait,KWT,2020,19.9
Kuwait,KWT,2021,19.9
Kuwait,KWT,2022,19.9
Kyrgyzstan,KGZ,2000,30.9
Kyrgyzstan,KGZ,2005,29.6
Kyrgyzstan,KGZ,2007,29.3
Kyrgyzstan,KGZ,2010,28.7
Kyrgyzstan,KGZ,2015,28
Kyrgyzstan,KGZ,2020,27.5
Kyrgyzstan,KGZ,2021,27.4
Kyrgyzstan,KGZ,2022,27.3
Laos,LAO,2000,51.8
Laos,LAO,2005,44.2
Laos,LAO,2007,41.5
Laos,LAO,2010,38
Laos,LAO,2015,32.8
Laos,LAO,2020,28.7
Laos,LAO,2021,27.8
Laos,LAO,2022,27.2
Latvia,LVA,2000,45.4
Latvia,LVA,2005,42.4
Latvia,LVA,2007,41.3
Latvia,LVA,2010,39.6
Latvia,LVA,2015,37.1
Latvia,LVA,2020,34.7
Latvia,LVA,2021,34.3
Latvia,LVA,2022,33.9
Lebanon,LBN,2000,36.4
Lebanon,LBN,2005,35.6
Lebanon,LBN,2007,35.6
Lebanon,LBN,2010,35.1
Lebanon,LBN,2015,34.7
Lebanon,LBN,2020,34.4
Lebanon,LBN,2021,34.3
Lebanon,LBN,2022,34.3
Lesotho,LSO,2000,32
Lesotho,LSO,2005,29.4
Lesotho,LSO,2007,28.5
Lesotho,LSO,2010,27.5
Lesotho,LSO,2015,26
Lesotho,LSO,2020,25
Lesotho,LSO,2021,24.7
Lesotho,LSO,2022,24.3
Liberia,LBR,2000,17.5
Liberia,LBR,2005,14.6
Liberia,LBR,2007,13.6
Liberia,LBR,2010,12.3
Liberia,LBR,2015,10.3
Liberia,LBR,2020,8.8
Liberia,LBR,2021,8.5
Liberia,LBR,2022,8.2
Lithuania,LTU,2000,42.9
Lithuania,LTU,2005,39.9
Lithuania,LTU,2007,38.7
Lithuania,LTU,2010,37.1
Lithuania,LTU,2015,34.6
Lithuania,LTU,2020,32.3
Lithuania,LTU,2021,31.8
Lithuania,LTU,2022,31.4
Low-income countries,,2000,22.645855
Low-income countries,,2005,19.293287
Low-income countries,,2007,18.135632
Low-income countries,,2010,16.611753
Low-income countries,,2015,14.437779
Low-income countries,,2020,12.679247
Low-income countries,,2021,12.377097
Low-income countries,,2022,12.061225
Lower-middle-income countries,,2000,45.227005
Lower-middle-income countries,,2005,38.308712
Lower-middle-income countries,,2007,35.723312
Lower-middle-income countries,,2010,32.135616
Lower-middle-income countries,,2015,27.136803
Lower-middle-income countries,,2020,23.071095
Lower-middle-income countries,,2021,22.37487
Lower-middle-income countries,,2022,21.677168
Luxembourg,LUX,2000,29.8
Luxembourg,LUX,2005,28.2
Luxembourg,LUX,2007,27.5
Luxembourg,LUX,2010,26.4
Luxembourg,LUX,2015,24.9
Luxembourg,LUX,2020,23.5
Luxembourg,LUX,2021,23.3
Luxembourg,LUX,2022,23
Madagascar,MDG,2000,53.1
Madagascar,MDG,2005,43.9
Madagascar,MDG,2007,41
Madagascar,MDG,2010,37
Madagascar,MDG,2015,32.1
Madagascar,MDG,2020,28.2
Madagascar,MDG,2021,27.5
Madagascar,MDG,2022,26.8
Malawi,MWI,2000,24.1
Malawi,MWI,2005,19.4
Malawi,MWI,2007,17.9
Malawi,MWI,2010,15.8
Malawi,MWI,2015,12.9
Malawi,MWI,2020,10.5
Malawi,MWI,2021,10.1
Malawi,MWI,2022,9.7
Malaysia,MYS,2000,30.8
Malaysia,MYS,2005,28.2
Malaysia,MYS,2007,27.2
Malaysia,MYS,2010,26
Malaysia,MYS,2015,24
Malaysia,MYS,2020,22.6
Malaysia,MYS,2021,22.2
Malaysia,MYS,2022,22
Maldives,MDV,2000,42.4
Maldives,MDV,2005,37.6
Maldives,MDV,2007,36.1
Maldives,MDV,2010,33.7
Maldives,MDV,2015,30.3
Maldives,MDV,2020,27.5
Maldives,MDV,2021,26.9
Maldives,MDV,2022,26.3
Mali,MLI,2000,16.7
Mali,MLI,2005,14
Mali,MLI,2007,13.1
Mali,MLI,2010,11.8
Mali,MLI,2015,10
Mali,MLI,2020,8.5
Mali,MLI,2021,8.3
Mali,MLI,2022,8
Malta,MLT,2000,33
Malta,MLT,2005,30.7
Malta,MLT,2007,30
Malta,MLT,2010,28.8
Malta,MLT,2015,26.8
Malta,MLT,2020,25.4
Malta,MLT,2021,25.1
Malta,MLT,2022,24.7
Marshall Islands,MHL,2000,27.5
Marshall Islands,MHL,2005,27.8
Marshall Islands,MHL,2007,28.2
Marshall Islands,MHL,2010,28.5
Marshall Islands,MHL,2015,29.1
Marshall Islands,MHL,2020,29.6
Marshall Islands,MHL,2021,29.7
Marshall Islands,MHL,2022,29.8
Mauritania,MRT,2000,22
Mauritania,MRT,2005,18.1
Mauritania,MRT,2007,16.7
Mauritania,MRT,2010,14.8
Mauritania,MRT,2015,12.3
Mauritania,MRT,2020,10.2
Mauritania,MRT,2021,9.8
Mauritania,MRT,2022,9.5
Mauritius,MUS,2000,25.4
Mauritius,MUS,2005,24.1
Mauritius,MUS,2007,23.7
Mauritius,MUS,2010,23
Mauritius,MUS,2015,22.1
Mauritius,MUS,2020,21.3
Mauritius,MUS,2021,21.1
Mauritius,MUS,2022,20.9
Mexico,MEX,2000,22.7
Mexico,MEX,2005,20.6
Mexico,MEX,2007,19.9
Mexico,MEX,2010,18.7
Mexico,MEX,2015,17
Mexico,MEX,2020,15.5
Mexico,MEX,2021,15.2
Mexico,MEX,2022,14.9
Moldova,MDA,2000,25.2
Moldova,MDA,2005,26.1
Moldova,MDA,2007,26.5
Moldova,MDA,2010,27
Moldova,MDA,2015,28.1
Moldova,MDA,2020,29.2
Moldova,MDA,2021,29.5
Moldova,MDA,2022,29.7
Mongolia,MNG,2000,33.2
Mongolia,MNG,2005,32.2
Mongolia,MNG,2007,31.8
Mongolia,MNG,2010,31.3
Mongolia,MNG,2015,30.5
Mongolia,MNG,2020,30
Mongolia,MNG,2021,29.6
Mongolia,MNG,2022,29.5
Montenegro,MNE,2000,38.6
Montenegro,MNE,2005,36.7
Montenegro,MNE,2007,36.1
Montenegro,MNE,2010,35.2
Montenegro,MNE,2015,33.7
Montenegro,MNE,2020,32.4
Montenegro,MNE,2021,32.3
Montenegro,MNE,2022,32
Morocco,MAR,2000,20.4
Morocco,MAR,2005,18.3
Morocco,MAR,2007,17.5
Morocco,MAR,2010,16.5
Morocco,MAR,2015,14.9
Morocco,MAR,2020,13.5
Morocco,MAR,2021,13.3
Morocco,MAR,2022,13
Myanmar,MMR,2000,65.4
Myanmar,MMR,2005,60.5
Myanmar,MMR,2007,58.2
Myanmar,MMR,2010,54.8
Myanmar,MMR,2015,50.2
Myanmar,MMR,2020,45.9
Myanmar,MMR,2021,45.1
Myanmar,MMR,2022,44.4
Namibia,NAM,2000,26.5
Namibia,NAM,2005,22.6
Namibia,NAM,2007,21.2
Namibia,NAM,2010,19.4
Namibia,NAM,2015,16.9
Namibia,NAM,2020,14.9
Namibia,NAM,2021,14.5
Namibia,NAM,2022,14.1
Nauru,NRU,2000,63.6
Nauru,NRU,2005,59.6
Nauru,NRU,2007,57.8
Nauru,NRU,2010,55.6
Nauru,NRU,2015,52.6
Nauru,NRU,2020,49.4
Nauru,NRU,2021,48.9
Nauru,NRU,2022,48.3
Nepal,NPL,2000,64.7
Nepal,NPL,2005,54.5
Nepal,NPL,2007,49.9
Nepal,NPL,2010,44
Nepal,NPL,2015,36.3
Nepal,NPL,2020,30.3
Nepal,NPL,2021,29.4
Nepal,NPL,2022,28.3
Netherlands,NLD,2000,34.5
Netherlands,NLD,2005,30.7
Netherlands,NLD,2007,29.5
Netherlands,NLD,2010,27.7
Netherlands,NLD,2015,24.7
Netherlands,NLD,2020,22.2
Netherlands,NLD,2021,21.7
Netherlands,NLD,2022,21.3
New Zealand,NZL,2000,30.4
New Zealand,NZL,2005,24.8
New Zealand,NZL,2007,22.7
New Zealand,NZL,2010,20.1
New Zealand,NZL,2015,16.4
New Zealand,NZL,2020,13.3
New Zealand,NZL,2021,12.8
New Zealand,NZL,2022,12.2
Niger,NER,2000,9.7
Niger,NER,2005,9.1
Niger,NER,2007,8.9
Niger,NER,2010,8.6
Niger,NER,2015,8.1
Niger,NER,2020,7.8
Niger,NER,2021,7.7
Niger,NER,2022,7.7
Nigeria,NGA,2000,10.7
Nigeria,NGA,2005,8.1
Nigeria,NGA,2007,7.2
Nigeria,NGA,2010,6.1
Nigeria,NGA,2015,4.7
Nigeria,NGA,2020,3.6
Nigeria,NGA,2021,3.4
Nigeria,NGA,2022,3.3
North America,,2000,28.437105
North America,,2005,26.047499
North America,,2007,25.25419
North America,,2010,23.960756
North America,,2015,22.089859
North America,,2020,20.494015
North America,,2021,20.227201
North America,,2022,19.844383
North Korea,PRK,2000,29.5
North Korea,PRK,2005,25.8
North Korea,PRK,2007,24.5
North Korea,PRK,2010,22.7
North Korea,PRK,2015,19.8
North Korea,PRK,2020,17.4
North Korea,PRK,2021,17
North Korea,PRK,2022,16.5
Norway,NOR,2000,44.9
Norway,NOR,2005,34.6
Norway,NOR,2007,31.2
Norway,NOR,2010,26.6
Norway,NOR,2015,20.5
Norway,NOR,2020,15.8
Norway,NOR,2021,15
Norway,NOR,2022,14.2
Oceania,,2000,30.258694
Oceania,,2005,27.08569
Oceania,,2007,25.870064
Oceania,,2010,24.260105
Oceania,,2015,21.850975
Oceania,,2020,19.696194
Oceania,,2021,19.398232
Oceania,,2022,19.054968
Oman,OMN,2000,7.5
Oman,OMN,2005,7.7
Oman,OMN,2007,7.7
Oman,OMN,2010,7.9
Oman,OMN,2015,8.1
Oman,OMN,2020,8.3
Oman,OMN,2021,8.4
Oman,OMN,2022,8.4
Pakistan,PAK,2000,39.3
Pakistan,PAK,2005,33.1
Pakistan,PAK,2007,31.1
Pakistan,PAK,2010,28
Pakistan,PAK,2015,23.7
Pakistan,PAK,2020,20.2
Pakistan,PAK,2021,19.5
Pakistan,PAK,2022,18.9
Palau,PLW,2000,26.2
Palau,PLW,2005,23.6
Palau,PLW,2007,22.7
Palau,PLW,2010,21.5
Palau,PLW,2015,19.6
Palau,PLW,2020,18
Palau,PLW,2021,17.7
Palau,PLW,2022,17.3
Panama,PAN,2000,14.1
Panama,PAN,2005,11.1
Panama,PAN,2007,10.1
Panama,PAN,2010,8.8
Panama,PAN,2015,7.1
Panama,PAN,2020,5.6
Panama,PAN,2021,5.4
Panama,PAN,2022,5.2
Papua New Guinea,PNG,2000,53.8
Papua New Guinea,PNG,2005,50.2
Papua New Guinea,PNG,2007,48.7
Papua New Guinea,PNG,2010,46.6
Papua New Guinea,PNG,2015,43.5
Papua New Guinea,PNG,2020,40.7
Papua New Guinea,PNG,2021,40.2
Papua New Guinea,PNG,2022,39.6
Paraguay,PRY,2000,29.4
Paraguay,PRY,2005,23.2
Paraguay,PRY,2007,21.1
Paraguay,PRY,2010,18.4
Paraguay,PRY,2015,14.6
Paraguay,PRY,2020,11.7
Paraguay,PRY,2021,11.2
Paraguay,PRY,2022,10.7
Peru,PER,2000,34.7
Peru,PER,2005,24
Peru,PER,2007,20.7
Peru,PER,2010,16.7
Peru,PER,2015,11.7
Peru,PER,2020,8.2
Peru,PER,2021,7.6
Peru,PER,2022,7.1
Philippines,PHL,2000,36.5
Philippines,PHL,2005,31.7
Philippines,PHL,2007,30.1
Philippines,PHL,2010,27.7
Philippines,PHL,2015,24.4
Philippines,PHL,2020,21.6
Philippines,PHL,2021,20.9
Philippines,PHL,2022,20.4
Poland,POL,2000,38.9
Poland,POL,2005,34.6
Poland,POL,2007,33
Poland,POL,2010,30.9
Poland,POL,2015,27.6
Poland,POL,2020,24.5
Poland,POL,2021,24
Poland,POL,2022,23.6
Portugal,PRT,2000,26
Portugal,PRT,2005,25.7
Portugal,PRT,2007,25.7
Portugal,PRT,2010,25.5
Portugal,PRT,2015,25.5
Portugal,PRT,2020,25.6
Portugal,PRT,2021,25.6
Portugal,PRT,2022,25.6
Qatar,QAT,2000,12.9
Qatar,QAT,2005,12.7
Qatar,QAT,2007,12.6
Qatar,QAT,2010,12.5
Qatar,QAT,2015,12.5
Qatar,QAT,2020,12.5
Qatar,QAT,2021,12.5
Qatar,QAT,2022,12.5
Romania,ROU,2000,36.9
Romania,ROU,2005,35.3
Romania,ROU,2007,34.6
Romania,ROU,2010,33.6
Romania,ROU,2015,32
Romania,ROU,2020,30.7
Romania,ROU,2021,30.3
Romania,ROU,2022,30
Russia,RUS,2000,32.7
Russia,RUS,2005,31.6
Russia,RUS,2007,31.4
Russia,RUS,2010,30.8
Russia,RUS,2015,30
Russia,RUS,2020,29.4
Russia,RUS,2021,29.3
Russia,RUS,2022,29.2
Rwanda,RWA,2000,24.4
Rwanda,RWA,2005,21.2
Rwanda,RWA,2007,20.1
Rwanda,RWA,2010,18.6
Rwanda,RWA,2015,16.6
Rwanda,RWA,2020,14.9
Rwanda,RWA,2021,14.6
Rwanda,RWA,2022,14.3
Saint Lucia,LCA,2000,20.2
Saint Lucia,LCA,2005,18.3
Saint Lucia,LCA,2007,17.6
Saint Lucia,LCA,2010,16.8
Saint Lucia,LCA,2015,15.4
Saint Lucia,LCA,2020,14.3
Saint Lucia,LCA,2021,14.1
Saint Lucia,LCA,2022,13.8
Samoa,WSM,2000,41.6
Samoa,WSM,2005,36.1
Samoa,WSM,2007,34
Samoa,WSM,2010,31.2
Samoa,WSM,2015,27.1
Samoa,WSM,2020,23.8
Samoa,WSM,2021,23.1
Samoa,WSM,2022,22.5
Sao Tome and Principe,STP,2000,7.2
Sao Tome and Principe,STP,2005,7.2
Sao Tome and Principe,STP,2007,7.2
Sao Tome and Principe,STP,2010,7.3
Sao Tome and Principe,STP,2015,7.4
Sao Tome and Principe,STP,2020,7.7
Sao Tome and Principe,STP,2021,7.8
Sao Tome and Principe,STP,2022,7.8
Saudi Arabia,SAU,2000,14.2
Saudi Arabia,SAU,2005,14.3
Saudi Arabia,SAU,2007,14.3
Saudi Arabia,SAU,2010,14.3
Saudi Arabia,SAU,2015,14.4
Saudi Arabia,SAU,2020,14.8
Saudi Arabia,SAU,2021,14.8
Saudi Arabia,SAU,2022,14.9
Senegal,SEN,2000,14.9
Senegal,SEN,2005,12.3
Senegal,SEN,2007,11.4
Senegal,SEN,2010,10.2
Senegal,SEN,2015,8.4
Senegal,SEN,2020,7
Senegal,SEN,2021,6.7
Senegal,SEN,2022,6.5
Serbia,SRB,2000,44.9
Serbia,SRB,2005,43.7
Serbia,SRB,2007,43.2
Serbia,SRB,2010,42.4
Serbia,SRB,2015,41.1
Serbia,SRB,2020,40.1
Serbia,SRB,2021,39.9
Serbia,SRB,2022,39.5
Seychelles,SYC,2000,30.9
Seychelles,SYC,2005,27.6
Seychelles,SYC,2007,26.5
Seychelles,SYC,2010,24.9
Seychelles,SYC,2015,22.7
Seychelles,SYC,2020,20.8
Seychelles,SYC,2021,20.6
Seychelles,SYC,2022,20.2
Sierra Leone,SLE,2000,40
Sierra Leone,SLE,2005,31
Sierra Leone,SLE,2007,28
Sierra Leone,SLE,2010,23.9
Sierra Leone,SLE,2015,18.4
Sierra Leone,SLE,2020,14.3
Sierra Leone,SLE,2021,13.5
Sierra Leone,SLE,2022,12.9
Singapore,SGP,2000,16.9
Singapore,SGP,2005,16.8
Singapore,SGP,2007,16.7
Singapore,SGP,2010,16.6
Singapore,SGP,2015,16.6
Singapore,SGP,2020,16.3
Singapore,SGP,2021,16.3
Singapore,SGP,2022,16.4
Slovakia,SVK,2000,32.2
Slovakia,SVK,2005,31.9
Slovakia,SVK,2007,32
Slovakia,SVK,2010,31.8
Slovakia,SVK,2015,31.9
Slovakia,SVK,2020,32.3
Slovakia,SVK,2021,32.3
Slovakia,SVK,2022,32.4
Slovenia,SVN,2000,25.7
Slovenia,SVN,2005,24.3
Slovenia,SVN,2007,23.7
Slovenia,SVN,2010,23
Slovenia,SVN,2015,21.8
Slovenia,SVN,2020,20.6
Slovenia,SVN,2021,20.4
Slovenia,SVN,2022,20.1
Solomon Islands,SLB,2000,43.5
Solomon Islands,SLB,2005,41.6
Solomon Islands,SLB,2007,40.8
Solomon Islands,SLB,2010,40
Solomon Islands,SLB,2015,38.3
Solomon Islands,SLB,2020,37.3
Solomon Islands,SLB,2021,37.1
Solomon Islands,SLB,2022,36.9
South Africa,ZAF,2000,23.7
South Africa,ZAF,2005,22.7
South Africa,ZAF,2007,22.5
South Africa,ZAF,2010,22
South Africa,ZAF,2015,21.5
South Africa,ZAF,2020,20.9
South Africa,ZAF,2021,20.8
South Africa,ZAF,2022,20.7
South America,,2000,26.27038
South America,,2005,22.213734
South America,,2007,20.788603
South America,,2010,18.973543
South America,,2015,16.283762
South America,,2020,14.131064
South America,,2021,13.722466
South America,,2022,13.375547
South Korea,KOR,2000,35.2
South Korea,KOR,2005,30.9
South Korea,KOR,2007,29.4
South Korea,KOR,2010,27
South Korea,KOR,2015,23.8
South Korea,KOR,2020,21
South Korea,KOR,2021,20.5
South Korea,KOR,2022,20
Spain,ESP,2000,35
Spain,ESP,2005,33.3
Spain,ESP,2007,32.8
Spain,ESP,2010,31.7
Spain,ESP,2015,30.3
Spain,ESP,2020,28.9
Spain,ESP,2021,28.7
Spain,ESP,2022,28.4
Sri Lanka,LKA,2000,30.2
Sri Lanka,LKA,2005,27
Sri Lanka,LKA,2007,25.9
Sri Lanka,LKA,2010,24.3
Sri Lanka,LKA,2015,22.1
Sri Lanka,LKA,2020,20.2
Sri Lanka,LKA,2021,19.8
Sri Lanka,LKA,2022,19.5
Sweden,SWE,2000,46.5
Sweden,SWE,2005,39.4
Sweden,SWE,2007,36.9
Sweden,SWE,2010,33.4
Sweden,SWE,2015,28.3
Sweden,SWE,2020,24.1
Sweden,SWE,2021,23.3
Sweden,SWE,2022,22.7
Switzerland,CHE,2000,28.3
Switzerland,CHE,2005,27.6
Switzerland,CHE,2007,27.3
Switzerland,CHE,2010,26.9
Switzerland,CHE,2015,26.4
Switzerland,CHE,2020,25.8
Switzerland,CHE,2021,25.7
Switzerland,CHE,2022,25.5
Tanzania,TZA,2000,27.8
Tanzania,TZA,2005,21.5
Tanzania,TZA,2007,19.5
Tanzania,TZA,2010,16.8
Tanzania,TZA,2015,13.1
Tanzania,TZA,2020,10.2
Tanzania,TZA,2021,9.7
Tanzania,TZA,2022,9.3
Thailand,THA,2000,26.2
Thailand,THA,2005,24.4
Thailand,THA,2007,23.5
Thailand,THA,2010,22.6
Thailand,THA,2015,21.1
Thailand,THA,2020,19.7
Thailand,THA,2021,19.4
Thailand,THA,2022,19.2
Togo,TGO,2000,15.9
Togo,TGO,2005,12.7
Togo,TGO,2007,11.6
Togo,TGO,2010,10.2
Togo,TGO,2015,8.3
Togo,TGO,2020,6.8
Togo,TGO,2021,6.6
Togo,TGO,2022,6.4
Tonga,TON,2000,33.3
Tonga,TON,2005,32.7
Tonga,TON,2007,32.4
Tonga,TON,2010,32.3
Tonga,TON,2015,31.8
Tonga,TON,2020,31.5
Tonga,TON,2021,31.3
Tonga,TON,2022,31.3
Tunisia,TUN,2000,29.7
Tunisia,TUN,2005,27.1
Tunisia,TUN,2007,26.4
Tunisia,TUN,2010,25
Tunisia,TUN,2015,23
Tunisia,TUN,2020,21.2
Tunisia,TUN,2021,21
Tunisia,TUN,2022,20.5
Turkey,TUR,2000,33.8
Turkey,TUR,2005,32.8
Turkey,TUR,2007,32.4
Turkey,TUR,2010,32
Turkey,TUR,2015,31.3
Turkey,TUR,2020,30.7
Turkey,TUR,2021,30.7
Turkey,TUR,2022,30.5
Turkmenistan,TKM,2000,14.8
Turkmenistan,TKM,2005,11.7
Turkmenistan,TKM,2007,10.6
Turkmenistan,TKM,2010,9.3
Turkmenistan,TKM,2015,7.5
Turkmenistan,TKM,2020,6.1
Turkmenistan,TKM,2021,5.8
Turkmenistan,TKM,2022,5.6
Tuvalu,TUV,2000,48.3
Tuvalu,TUV,2005,44.4
Tuvalu,TUV,2007,43
Tuvalu,TUV,2010,40.7
Tuvalu,TUV,2015,37.6
Tuvalu,TUV,2020,34.8
Tuvalu,TUV,2021,34.2
Tuvalu,TUV,2022,33.7
Uganda,UGA,2000,25.8
Uganda,UGA,2005,19.3
Uganda,UGA,2007,17.2
Uganda,UGA,2010,14.6
Uganda,UGA,2015,11
Uganda,UGA,2020,8.4
Uganda,UGA,2021,7.9
Uganda,UGA,2022,7.5
Ukraine,UKR,2000,38.2
Ukraine,UKR,2005,34.8
Ukraine,UKR,2007,33.3
Ukraine,UKR,2010,31.3
Ukraine,UKR,2015,28.5
Ukraine,UKR,2020,25.9
Ukraine,UKR,2021,25.5
Ukraine,UKR,2022,24.9
United Arab Emirates,ARE,2000,19.1
United Arab Emirates,ARE,2005,15.9
United Arab Emirates,ARE,2007,14.8
United Arab Emirates,ARE,2010,13.3
United Arab Emirates,ARE,2015,11.2
United Arab Emirates,ARE,2020,9.6
United Arab Emirates,ARE,2021,9.3
United Arab Emirates,ARE,2022,9
United Kingdom,GBR,2000,37.6
United Kingdom,GBR,2005,30
United Kingdom,GBR,2007,27.5
United Kingdom,GBR,2010,24.1
United Kingdom,GBR,2015,19.3
United Kingdom,GBR,2020,15.6
United Kingdom,GBR,2021,14.9
United Kingdom,GBR,2022,14.2
United States,USA,2000,31.5
United States,USA,2005,29.6
United States,USA,2007,29
United States,USA,2010,27.9
United States,USA,2015,26.3
United States,USA,2020,24.9
United States,USA,2021,24.7
United States,USA,2022,24.3
Upper-middle-income countries,,2000,27.686317
Upper-middle-income countries,,2005,26.136942
Upper-middle-income countries,,2007,25.57245
Upper-middle-income countries,,2010,24.892448
Upper-middle-income countries,,2015,23.812664
Upper-middle-income countries,,2020,22.879683
Upper-middle-income countries,,2021,22.616661
Upper-middle-income countries,,2022,22.531748
Uruguay,URY,2000,35.4
Uruguay,URY,2005,31.3
Uruguay,URY,2007,29.8
Uruguay,URY,2010,27.6
Uruguay,URY,2015,24.4
Uruguay,URY,2020,21.5
Uruguay,URY,2021,21
Uruguay,URY,2022,20.5
Uzbekistan,UZB,2000,27.8
Uzbekistan,UZB,2005,24.7
Uzbekistan,UZB,2007,23.6
Uzbekistan,UZB,2010,21.9
Uzbekistan,UZB,2015,19.6
Uzbekistan,UZB,2020,17.4
Uzbekistan,UZB,2021,17.1
Uzbekistan,UZB,2022,16.7
Vietnam,VNM,2000,31.1
Vietnam,VNM,2005,28.8
Vietnam,VNM,2007,28
Vietnam,VNM,2010,26.6
Vietnam,VNM,2015,24.9
Vietnam,VNM,2020,23.2
Vietnam,VNM,2021,22.9
Vietnam,VNM,2022,22.5
World,OWID_WRL,2000,34.322533
World,OWID_WRL,2005,30.745779
World,OWID_WRL,2007,29.422493
World,OWID_WRL,2010,27.585878
World,OWID_WRL,2015,24.878086
World,OWID_WRL,2020,22.581968
World,OWID_WRL,2021,22.133286
World,OWID_WRL,2022,21.748644
Yemen,YEM,2000,28.7
Yemen,YEM,2005,26.7
Yemen,YEM,2007,25.9
Yemen,YEM,2010,24.8
Yemen,YEM,2015,23.3
Yemen,YEM,2020,21.8
Yemen,YEM,2021,21.7
Yemen,YEM,2022,21.4
Zambia,ZMB,2000,19.7
Zambia,ZMB,2005,18.2
Zambia,ZMB,2007,17.7
Zambia,ZMB,2010,17
Zambia,ZMB,2015,15.8
Zambia,ZMB,2020,14.8
Zambia,ZMB,2021,14.8
Zambia,ZMB,2022,14.6
Zimbabwe,ZWE,2000,21.4
Zimbabwe,ZWE,2005,18.3
Zimbabwe,ZWE,2007,17.2
Zimbabwe,ZWE,2010,15.7
Zimbabwe,ZWE,2015,13.6
Zimbabwe,ZWE,2020,11.9
Zimbabwe,ZWE,2021,11.6
Zimbabwe,ZWE,2022,11.3